{"cameraMode":{"drawMode":0,"name":"Shaded","section":"Shading Mode"},"sceneLighting":true,"audioPlay":false,"sceneViewState":{"showFog":true,"showMaterialUpdate":false,"showSkybox":true,"showFlares":true,"showImageEffects":true,"showParticleSystems":true},"in2DMode":false,"pivot":{"x":-0.8119035959243774,"y":2.1500415802001955,"z":0.4945124387741089},"rotation":{"x":-0.2944355309009552,"y":-0.5356273651123047,"z":0.2064017355442047,"w":-0.7640813589096069},"size":5.107395172119141,"orthographic":false}