{"cameraMode":{"drawMode":0,"name":"Shaded","section":"Shading Mode"},"sceneLighting":false,"audioPlay":false,"sceneViewState":{"showFog":true,"showMaterialUpdate":false,"showSkybox":false,"showFlares":true,"showImageEffects":true,"showParticleSystems":true},"in2DMode":false,"pivot":{"x":0.5160736441612244,"y":0.060121018439531329,"z":0.0078970305621624},"rotation":{"x":0.35265132784843447,"y":0.6054811477661133,"z":-0.34059104323387148,"w":0.6269249320030212},"size":2.3628406524658205,"orthographic":false}