{"cameraMode":{"drawMode":0,"name":"Shaded","section":"Shading Mode"},"sceneLighting":false,"audioPlay":false,"sceneViewState":{"showFog":true,"showMaterialUpdate":false,"showSkybox":false,"showFlares":true,"showImageEffects":true,"showParticleSystems":true},"in2DMode":false,"pivot":{"x":0.03585076332092285,"y":-0.025217419490218164,"z":-0.04331119358539581},"rotation":{"x":0.37158772349357607,"y":-0.6043325662612915,"z":0.3772045373916626,"w":0.5953344106674194},"size":1.274878978729248,"orthographic":true}