{"cameraMode":{"drawMode":0,"name":"Shaded","section":"Shading Mode"},"sceneLighting":false,"audioPlay":false,"sceneViewState":{"showFog":true,"showMaterialUpdate":false,"showSkybox":false,"showFlares":true,"showImageEffects":true,"showParticleSystems":true},"in2DMode":false,"pivot":{"x":-0.051404763013124469,"y":-0.006426835432648659,"z":-0.04837285727262497},"rotation":{"x":-0.33545222878456118,"y":-0.31326720118522646,"z":0.11906269192695618,"w":-0.8805099129676819},"size":0.6731997728347778,"orthographic":false}