{"cameraMode":{"drawMode":0,"name":"Shaded","section":"Shading Mode"},"sceneLighting":false,"audioPlay":false,"sceneViewState":{"showFog":true,"showMaterialUpdate":false,"showSkybox":false,"showFlares":true,"showImageEffects":true,"showParticleSystems":true},"in2DMode":false,"pivot":{"x":-0.00899999588727951,"y":0.034888118505477908,"z":0.08443912863731384},"rotation":{"x":-0.4873371422290802,"y":-0.36374008655548098,"z":0.23359186947345735,"w":-0.7587754726409912},"size":1.2847051620483399,"orthographic":false}