{"cameraMode":{"drawMode":0,"name":"Shaded","section":"Shading Mode"},"sceneLighting":false,"audioPlay":false,"sceneViewState":{"showFog":true,"showMaterialUpdate":false,"showSkybox":false,"showFlares":true,"showImageEffects":true,"showParticleSystems":true},"in2DMode":false,"pivot":{"x":0.027978302910923959,"y":0.008686755783855915,"z":0.033176735043525699},"rotation":{"x":0.20619575679302216,"y":0.04401617497205734,"z":-0.009285091422498227,"w":0.9774792790412903},"size":0.45443451404571535,"orthographic":false}