{"cameraMode":{"drawMode":0,"name":"Shaded","section":"Shading Mode"},"sceneLighting":false,"audioPlay":false,"sceneViewState":{"showFog":true,"showMaterialUpdate":false,"showSkybox":false,"showFlares":true,"showImageEffects":true,"showParticleSystems":true},"in2DMode":false,"pivot":{"x":0.15788407623767854,"y":-0.014828604646027089,"z":-0.020441781729459764},"rotation":{"x":-0.06215541437268257,"y":0.8493590354919434,"z":-0.5140273571014404,"w":-0.10301152616739273},"size":1.5423569679260255,"orthographic":false}