{"cameraMode":{"drawMode":0,"name":"Shaded","section":"Shading Mode"},"sceneLighting":false,"audioPlay":false,"sceneViewState":{"showFog":true,"showMaterialUpdate":false,"showSkybox":false,"showFlares":true,"showImageEffects":true,"showParticleSystems":true},"in2DMode":false,"pivot":{"x":-0.03611587733030319,"y":-0.0757959708571434,"z":0.04356173053383827},"rotation":{"x":0.42080286145210268,"y":-0.019793422892689706,"z":0.009320160374045372,"w":0.9069711565971375},"size":0.5280953645706177,"orthographic":false}