{"cameraMode":{"drawMode":0,"name":"Shaded","section":"Shading Mode"},"sceneLighting":false,"audioPlay":false,"sceneViewState":{"showFog":true,"showMaterialUpdate":false,"showSkybox":false,"showFlares":true,"showImageEffects":true,"showParticleSystems":true},"in2DMode":false,"pivot":{"x":-0.6844037771224976,"y":0.22014403343200684,"z":-0.23978829383850099},"rotation":{"x":-0.33545222878456118,"y":-0.31326720118522646,"z":0.11906269192695618,"w":-0.8805099129676819},"size":0.06290340423583985,"orthographic":false}