{"cameraMode":{"drawMode":0,"name":"Shaded","section":"Shading Mode"},"sceneLighting":false,"audioPlay":false,"sceneViewState":{"showFog":false,"showMaterialUpdate":true,"showSkybox":false,"showFlares":true,"showImageEffects":false,"showParticleSystems":true},"in2DMode":false,"pivot":{"x":-0.0693555474281311,"y":-0.048352062702178958,"z":0.04865546524524689},"rotation":{"x":0.3773405849933624,"y":-0.01832464337348938,"z":0.007469103205949068,"w":0.9258710145950317},"size":0.7339003682136536,"orthographic":false}