{"cameraMode":{"drawMode":0,"name":"Shaded","section":"Shading Mode"},"sceneLighting":false,"audioPlay":false,"sceneViewState":{"showFog":true,"showMaterialUpdate":true,"showSkybox":false,"showFlares":true,"showImageEffects":true,"showParticleSystems":true},"in2DMode":false,"pivot":{"x":-0.2430446445941925,"y":-0.30352482199668887,"z":0.31179314851760867},"rotation":{"x":0.3964270055294037,"y":-0.5375564694404602,"z":0.3163352310657501,"w":0.6736577749252319},"size":1.1576430797576905,"orthographic":false}