{"cameraMode":{"drawMode":0,"name":"Shaded","section":"Shading Mode"},"sceneLighting":false,"audioPlay":false,"sceneViewState":{"showFog":true,"showMaterialUpdate":false,"showSkybox":false,"showFlares":true,"showImageEffects":true,"showParticleSystems":true},"in2DMode":false,"pivot":{"x":0.30171120166778567,"y":-0.4640144109725952,"z":-1.5930707454681397},"rotation":{"x":0.005345733370631933,"y":0.99263596534729,"z":-0.11153902858495712,"w":0.047377534210681918},"size":2.6333727836608888,"orthographic":false}