{"cameraMode":{"drawMode":0,"name":"Shaded","section":"Shading Mode"},"sceneLighting":false,"audioPlay":false,"sceneViewState":{"showFog":true,"showMaterialUpdate":false,"showSkybox":false,"showFlares":true,"showImageEffects":true,"showParticleSystems":true},"in2DMode":false,"pivot":{"x":0.013947720639407635,"y":0.18043218553066255,"z":0.2183670699596405},"rotation":{"x":0.4179063141345978,"y":0.004133956506848335,"z":-0.0017630382208153606,"w":0.9085593223571777},"size":1.2423570156097413,"orthographic":false}