{"cameraMode":{"drawMode":0,"name":"Shaded","section":"Shading Mode"},"sceneLighting":false,"audioPlay":false,"sceneViewState":{"showFog":true,"showMaterialUpdate":false,"showSkybox":false,"showFlares":true,"showImageEffects":true,"showParticleSystems":true},"in2DMode":false,"pivot":{"x":0.0,"y":-0.052982211112976077,"z":0.003999998793005943},"rotation":{"x":0.17713533341884614,"y":-0.7677352428436279,"z":0.23975981771945954,"w":0.5672050714492798},"size":0.34385019540786745,"orthographic":false}