{"cameraMode":{"drawMode":0,"name":"Shaded","section":"Shading Mode"},"sceneLighting":false,"audioPlay":false,"sceneViewState":{"showFog":true,"showMaterialUpdate":false,"showSkybox":false,"showFlares":true,"showImageEffects":true,"showParticleSystems":true},"in2DMode":false,"pivot":{"x":0.07202994078397751,"y":-0.15145796537399293,"z":0.17629164457321168},"rotation":{"x":-0.4599485993385315,"y":-0.0008684461354278028,"z":0.00028401854797266424,"w":-0.8880065679550171},"size":1.0587522983551026,"orthographic":false}