{"cameraMode":{"drawMode":0,"name":"Shaded","section":"Shading Mode"},"sceneLighting":false,"audioPlay":false,"sceneViewState":{"showFog":true,"showMaterialUpdate":false,"showSkybox":false,"showFlares":true,"showImageEffects":true,"showParticleSystems":true},"in2DMode":false,"pivot":{"x":0.05083826556801796,"y":-0.15939313173294068,"z":0.010414361953735352},"rotation":{"x":0.47126808762550356,"y":0.07918106019496918,"z":-0.04252716526389122,"w":0.877403199672699},"size":0.9423570036888123,"orthographic":false}