{"cameraMode":{"drawMode":0,"name":"Shaded","section":"Shading Mode"},"sceneLighting":false,"audioPlay":false,"sceneViewState":{"showFog":true,"showMaterialUpdate":false,"showSkybox":false,"showFlares":true,"showImageEffects":true,"showParticleSystems":true},"in2DMode":false,"pivot":{"x":0.37182503938674929,"y":-0.22785097360610963,"z":-0.050935689359903339},"rotation":{"x":0.292997807264328,"y":0.6556423306465149,"z":-0.3077816665172577,"w":0.6241499781608582},"size":3.001796245574951,"orthographic":false}