{"cameraMode":{"drawMode":0,"name":"Shaded","section":"Shading Mode"},"sceneLighting":false,"audioPlay":false,"sceneViewState":{"showFog":true,"showMaterialUpdate":false,"showSkybox":false,"showFlares":true,"showImageEffects":true,"showParticleSystems":true},"in2DMode":false,"pivot":{"x":-0.026410602033138276,"y":-0.04422152414917946,"z":-0.02848569117486477},"rotation":{"x":-0.4011863172054291,"y":-0.010207182727754116,"z":0.004365693777799606,"w":-0.9159992337226868},"size":0.9037894606590271,"orthographic":false}