{"cameraMode":{"drawMode":0,"name":"Shaded","section":"Shading Mode"},"sceneLighting":false,"audioPlay":false,"sceneViewState":{"showFog":true,"showMaterialUpdate":false,"showSkybox":false,"showFlares":true,"showImageEffects":true,"showParticleSystems":true},"in2DMode":false,"pivot":{"x":0.028153497725725175,"y":-0.05618099868297577,"z":-0.05073431506752968},"rotation":{"x":-0.4837421476840973,"y":0.006553831044584513,"z":-0.0036451241467148067,"w":-0.8752411007881165},"size":1.2847051620483399,"orthographic":false}