{"cameraMode":{"drawMode":0,"name":"Shaded","section":"Shading Mode"},"sceneLighting":false,"audioPlay":false,"sceneViewState":{"showFog":true,"showMaterialUpdate":true,"showSkybox":false,"showFlares":true,"showImageEffects":true,"showParticleSystems":true},"in2DMode":false,"pivot":{"x":0.036526694893836978,"y":-0.013989693485200405,"z":-0.03892669826745987},"rotation":{"x":0.25477948784828188,"y":0.6534860134124756,"z":-0.24933552742004395,"w":0.6677504181861877},"size":1.5431690216064454,"orthographic":false}