{"cameraMode":{"drawMode":0,"name":"Shaded","section":"Shading Mode"},"sceneLighting":false,"audioPlay":false,"sceneViewState":{"showFog":true,"showMaterialUpdate":true,"showSkybox":false,"showFlares":true,"showImageEffects":true,"showParticleSystems":true},"in2DMode":false,"pivot":{"x":1.2943449020385743,"y":-0.04477739334106445,"z":-2.043062925338745},"rotation":{"x":0.2021217793226242,"y":0.31436827778816225,"z":-0.06862931698560715,"w":0.9250449538230896},"size":1.9416587352752686,"orthographic":false}