{"cameraMode":{"drawMode":0,"name":"Shaded","section":"Shading Mode"},"sceneLighting":true,"audioPlay":false,"sceneViewState":{"showFog":true,"showMaterialUpdate":true,"showSkybox":true,"showFlares":true,"showImageEffects":true,"showParticleSystems":true},"in2DMode":false,"pivot":{"x":0.3119235336780548,"y":0.9449542164802551,"z":-0.05273943021893501},"rotation":{"x":0.5075986385345459,"y":-0.016280507668852807,"z":0.009593890979886055,"w":0.8613874316215515},"size":2.786081075668335,"orthographic":false}