{"cameraMode":{"drawMode":0,"name":"Shaded","section":"Shading Mode"},"sceneLighting":true,"audioPlay":false,"sceneViewState":{"showFog":true,"showMaterialUpdate":true,"showSkybox":true,"showFlares":true,"showImageEffects":true,"showParticleSystems":true},"in2DMode":false,"pivot":{"x":1.3012826442718506,"y":-0.044777512550354007,"z":-2.0426814556121828},"rotation":{"x":0.015296951867640019,"y":0.8404718041419983,"z":-0.5412083864212036,"w":0.023703519254922868},"size":5.596919536590576,"orthographic":false}