{"cameraMode":{"drawMode":0,"name":"Shaded","section":"Shading Mode"},"sceneLighting":true,"audioPlay":false,"sceneViewState":{"showFog":true,"showMaterialUpdate":true,"showSkybox":true,"showFlares":true,"showImageEffects":true,"showParticleSystems":true},"in2DMode":false,"pivot":{"x":1.6390787363052369,"y":2.1802799701690676,"z":-3.030996322631836},"rotation":{"x":-0.31660065054893496,"y":-0.018202435225248338,"z":0.006077395752072334,"w":-0.9483863711357117},"size":-0.04681730270385742,"orthographic":false}