{"cameraMode":{"drawMode":0,"name":"Shaded","section":"Shading Mode"},"sceneLighting":false,"audioPlay":false,"sceneViewState":{"showFog":true,"showMaterialUpdate":true,"showSkybox":false,"showFlares":true,"showImageEffects":true,"showParticleSystems":true},"in2DMode":false,"pivot":{"x":1.6399998664855958,"y":0.5886598825454712,"z":-1.2206344604492188},"rotation":{"x":0.11617610603570938,"y":0.6887075304985046,"z":-0.11317054182291031,"w":0.7067225575447083},"size":2.442356824874878,"orthographic":false}