{"cameraMode":{"drawMode":0,"name":"Shaded","section":"Shading Mode"},"sceneLighting":false,"audioPlay":false,"sceneViewState":{"showFog":true,"showMaterialUpdate":true,"showSkybox":false,"showFlares":true,"showImageEffects":true,"showParticleSystems":true},"in2DMode":false,"pivot":{"x":1.2000000476837159,"y":0.6346598863601685,"z":-1.2206344604492188},"rotation":{"x":-0.09348361939191818,"y":0.900097668170929,"z":-0.2389635294675827,"w":-0.35212111473083498},"size":1.0302528142929078,"orthographic":false}