{"cameraMode":{"drawMode":0,"name":"Shaded","section":"Shading Mode"},"sceneLighting":false,"audioPlay":false,"sceneViewState":{"showFog":true,"showMaterialUpdate":true,"showSkybox":false,"showFlares":true,"showImageEffects":true,"showParticleSystems":true},"in2DMode":false,"pivot":{"x":1.746999979019165,"y":0.6356269121170044,"z":-3.0239999294281008},"rotation":{"x":-0.009739060886204243,"y":0.9174399971961975,"z":-0.3972223401069641,"w":-0.022573843598365785},"size":22.0,"orthographic":false}