{"cameraMode":{"drawMode":0,"name":"Shaded","section":"Shading Mode"},"sceneLighting":true,"audioPlay":false,"sceneViewState":{"showFog":true,"showMaterialUpdate":true,"showSkybox":true,"showFlares":true,"showImageEffects":true,"showParticleSystems":true},"in2DMode":false,"pivot":{"x":2.296840190887451,"y":1.0543376207351685,"z":-1.8964942693710328},"rotation":{"x":-0.14617455005645753,"y":0.7739044427871704,"z":-0.1933271884918213,"w":-0.5851398706436157},"size":0.939854085445404,"orthographic":false}