{"cameraMode":{"drawMode":0,"name":"Shaded","section":"Shading Mode"},"sceneLighting":false,"audioPlay":false,"sceneViewState":{"showFog":true,"showMaterialUpdate":true,"showSkybox":false,"showFlares":true,"showImageEffects":true,"showParticleSystems":true},"in2DMode":false,"pivot":{"x":0.7171316742897034,"y":-0.00001252842957910616,"z":-0.01682734303176403},"rotation":{"x":0.5671138763427734,"y":0.0029662742745131256,"z":-0.002043583430349827,"w":0.8236351609230042},"size":3.0423567295074465,"orthographic":false}