{"cameraMode":{"drawMode":0,"name":"Shaded","section":"Shading Mode"},"sceneLighting":true,"audioPlay":false,"sceneViewState":{"showFog":true,"showMaterialUpdate":true,"showSkybox":true,"showFlares":true,"showImageEffects":true,"showParticleSystems":true},"in2DMode":false,"pivot":{"x":0.15575243532657624,"y":0.9449549913406372,"z":-0.05864541232585907},"rotation":{"x":0.5075986385345459,"y":-0.016280507668852807,"z":0.009593890979886055,"w":0.8613874316215515},"size":2.1860811710357668,"orthographic":false}