{"cameraMode":{"drawMode":0,"name":"Shaded","section":"Shading Mode"},"sceneLighting":false,"audioPlay":false,"sceneViewState":{"showFog":true,"showMaterialUpdate":true,"showSkybox":false,"showFlares":true,"showImageEffects":true,"showParticleSystems":true},"in2DMode":false,"pivot":{"x":1.6399998664855958,"y":0.5886598825454712,"z":-1.2206344604492188},"rotation":{"x":-0.005118665751069784,"y":-0.9137678146362305,"z":0.40609031915664675,"w":-0.011519365943968296},"size":2.442356824874878,"orthographic":false}