{"cameraMode":{"drawMode":0,"name":"Shaded","section":"Shading Mode"},"sceneLighting":false,"audioPlay":false,"sceneViewState":{"showFog":true,"showMaterialUpdate":true,"showSkybox":false,"showFlares":true,"showImageEffects":true,"showParticleSystems":true},"in2DMode":false,"pivot":{"x":1.2943449020385743,"y":-0.04477739334106445,"z":-2.043062925338745},"rotation":{"x":0.19688983261585236,"y":0.7440656423568726,"z":-0.24910864233970643,"w":0.5879138112068176},"size":4.041658401489258,"orthographic":false}