{"cameraMode":{"drawMode":0,"name":"Shaded","section":"Shading Mode"},"sceneLighting":false,"audioPlay":false,"sceneViewState":{"showFog":true,"showMaterialUpdate":true,"showSkybox":false,"showFlares":true,"showImageEffects":true,"showParticleSystems":true},"in2DMode":false,"pivot":{"x":-0.4269999861717224,"y":0.0469670295715332,"z":-0.0020000040531158449},"rotation":{"x":0.3961845934391022,"y":-0.01516004279255867,"z":0.006553672254085541,"w":0.9180657267570496},"size":2.530252695083618,"orthographic":false}