{"cameraMode":{"drawMode":0,"name":"Shaded","section":"Shading Mode"},"sceneLighting":true,"audioPlay":false,"sceneViewState":{"showFog":true,"showMaterialUpdate":true,"showSkybox":true,"showFlares":true,"showImageEffects":true,"showParticleSystems":true},"in2DMode":false,"pivot":{"x":0.504533588886261,"y":0.9034184217453003,"z":-1.502941608428955},"rotation":{"x":-0.009739060886204243,"y":0.9174399971961975,"z":-0.3972223401069641,"w":-0.022573843598365785},"size":2.8302524089813234,"orthographic":false}