{"cameraMode":{"drawMode":0,"name":"Shaded","section":"Shading Mode"},"sceneLighting":true,"audioPlay":false,"sceneViewState":{"showFog":true,"showMaterialUpdate":true,"showSkybox":true,"showFlares":true,"showImageEffects":true,"showParticleSystems":true},"in2DMode":false,"pivot":{"x":0.37868887186050417,"y":-0.8124580383300781,"z":0.29015839099884035},"rotation":{"x":-0.5025164484977722,"y":-0.1832990050315857,"z":0.11003344506025315,"w":-0.8377854824066162},"size":3.8946034908294679,"orthographic":false}