{"cameraMode":{"drawMode":0,"name":"Shaded","section":"Shading Mode"},"sceneLighting":false,"audioPlay":false,"sceneViewState":{"showFog":true,"showMaterialUpdate":true,"showSkybox":false,"showFlares":true,"showImageEffects":true,"showParticleSystems":true},"in2DMode":false,"pivot":{"x":0.41681593656539919,"y":1.0450000762939454,"z":0.8449252843856812},"rotation":{"x":0.33379584550857546,"y":0.3091965615749359,"z":-0.11691313236951828,"w":0.8827869892120361},"size":2.0044519901275636,"orthographic":true}