{"cameraMode":{"drawMode":0,"name":"Shaded","section":"Shading Mode"},"sceneLighting":false,"audioPlay":false,"sceneViewState":{"showFog":true,"showMaterialUpdate":true,"showSkybox":false,"showFlares":true,"showImageEffects":true,"showParticleSystems":true},"in2DMode":false,"pivot":{"x":-0.07189957797527313,"y":-0.05153028666973114,"z":0.009197603911161423},"rotation":{"x":-0.30891305208206179,"y":0.6445596218109131,"z":-0.3202344477176666,"w":-0.6217617392539978},"size":1.5103394985198975,"orthographic":false}