{"cameraMode":{"drawMode":0,"name":"Shaded","section":"Shading Mode"},"sceneLighting":true,"audioPlay":false,"sceneViewState":{"showFog":true,"showMaterialUpdate":true,"showSkybox":true,"showFlares":true,"showImageEffects":true,"showParticleSystems":true},"in2DMode":false,"pivot":{"x":-0.3481774926185608,"y":-0.5380195379257202,"z":0.7758550643920898},"rotation":{"x":0.0050802151672542099,"y":0.8791117668151856,"z":-0.47661492228507998,"w":0.009491094388067723},"size":4.158892631530762,"orthographic":false}